Date,Weight,Cortisol,ID
6.2.18,0.204,5.755882353,Gambir
10.2.18,0.2,5.8229,Gambir
23.1.18,0.203,6.69635468,Gambir
26.1.18,0.203,6.928374384,Gambir
16.2.18,0.201,7.129253731,Gambir
19.1.18,0.201,7.209054726,Gambir
12.1.18,0.201,7.614825871,Gambir
2.2.18,0.202,7.631881188,Gambir
23.2.18,0.204,7.693431373,Gambir
14.8.20,0.104,8.304807692,Komali
4.9.20,0.104,8.304807692,Komali
3.11.20,0.103,8.31184466,Gambir
15.9.20,0.104,8.358269231,Gambir
15.10.19,0.101,8.384752475,Gambir
15.1.21,0.101,8.385148515,Gambir
11.12.20,0.101,8.403564356,Komali
12.3.19,0.103,8.436699029,Gambir
8.9.20,0.104,8.482884615,Gambir
21.12.18,0.101,8.603762376,Gambir
20.2.18,0.2,8.6112,Jati
1.2.22,0.105,8.668952381,Komali
6.10.20,0.106,8.676415094,Jati
30.10.20,0.106,8.761886792,Gambir
2.7.21,0.101,8.801386139,Jati
16.10.20,0.103,8.88,Jati
18.12.18,0.103,8.999223301,Gambir
17.11.20,0.103,9.045242718,Gambir
26.1.21,0.105,9.228,Jati
18.10.19,0.1,9.2498,Gambir
10.11.20,0.101,9.252079208,Gambir
29.10.19,0.101,9.37,Jati
3.9.21,0.102,9.490784314,Jati
6.8.21,0.102,9.552941176,Gambir
2.3.18,0.2,9.59,Jati
18.12.20,0.1,9.6746,Jati
11.9.20,0.1,9.7842,Gambir
20.10.20,0.1,9.8066,Gambir
4.10.19,0.103,9.90,Jati
19.6.20,0.103,9.946601942,Komali
12.1.21,0.106,9.996415094,Gambir
14.9.21,0.102,10.09490196,Gambir
29.10.19,0.105,10.14114286,Gambir
16.10.20,0.106,10.26283019,Komali
2.3.18,0.205,10.26829268,Gambir
28.7.20,0.104,10.31480769,Komali
24.8.21,0.105,10.3887619,Jati
17.4.20,0.102,10.39784314,Komali
4.12.20,0.104,10.4025,Gambir
1.12.20,0.106,10.75056604,Jati
25.9.20,0.1,10.7778,Jati
9.10.20,0.102,10.94607843,Jati
13.10.20,0.102,10.94607843,Jati
24.8.21,0.105,11.02342857,Gambir
6.11.20,0.101,11.08415842,Gambir
17.8.21,0.104,11.25923077,Jati
30.3.21,0.105,11.28552381,Gambir
24.7.20,0.1,11.3122,Komali
25.8.20,0.102,11.47607843,Komali
19.1.21,0.104,11.50461538,Gambir
22.1.21,0.106,11.51660377,Jati
11.8.20,0.105,11.55904762,Gambir
10.9.21,0.104,11.58615385,Gambir
20.11.20,0.102,11.59509804,Gambir
13.2.18,0.202,11.67425743,Gambir
15.9.20,0.1,11.705,Jati
7.5.21,0.106,11.73018868,Komali
19.5.20,0.104,11.92403846,Komali
20.2.18,0.203,11.93300493,Gambir
8.1.21,0.1,11.9914,Gambir
25.6.21,0.102,12.00823529,Gambir
21.1.20,0.101,12.0190099,Komali
24.4.20,0.101,12.0190099,Komali
4.6.21,0.101,12.04514851,Gambir
22.10.19,0.101,12.06792079,Komali
16.6.20,0.1,12.102,Komali
27.11.20,0.101,12.10970297,Jati
25.10.19,0.1,12.11,Komali
1.9.20,0.106,12.11169811,Gambir
13.8.21,0.104,12.11634615,Jati
11.10.19,0.105,12.13771429,Gambir
29.1.21,0.105,12.14152381,Komali
8.12.20,0.101,12.23009901,Komali
10.8.21,0.101,12.33881188,Jati
29.6.21,0.101,12.35148515,Jati
25.9.20,0.103,12.40252427,Komali
24.11.20,0.101,12.41881188,Komali
27.11.20,0.102,12.47098039,Gambir
6.10.20,0.103,12.4968932,Gambir
11.12.20,0.1,12.5356,Jati
5.11.19,0.102,12.57,Jati
30.11.18,0.102,12.60,Jati
2.6.20,0.103,12.77941748,Gambir
24.11.20,0.106,12.78792453,Gambir
19.1.21,0.103,12.86330097,Jati
22.1.21,0.106,12.93113208,Komali
5.1.21,0.102,12.94078431,Komali
24.11.20,0.102,12.95411765,Jati
22.1.19,0.1,13.00,Jati
26.1.21,0.101,13.01821782,Gambir
18.6.21,0.101,13.03722772,Gambir
29.1.21,0.103,13.06,Jati
7.8.20,0.1,13.0976,Gambir
12.3.19,0.105,13.13,Jati
7.7.20,0.101,13.22633663,Jati
13.4.21,0.102,13.38117647,Komali
31.8.21,0.103,13.40174757,Jati
14.8.20,0.103,13.41961165,Gambir
19.8.20,0.102,13.42078431,Gambir
22.5.20,0.101,13.4790099,Komali
15.6.21,0.101,13.50455446,Gambir
15.6.21,0.103,13.52932039,Jati
8.1.21,0.104,13.57884615,Komali
17.5.19,0.104,13.63788462,Komali
30.3.21,0.101,13.66158416,Komali
3.7.20,0.104,13.67403846,Jati
23.4.21,0.103,13.68834951,Gambir
5.11.19,0.1,13.7182,Gambir
11.8.20,0.101,13.78316832,Komali
28.12.18,0.105,13.90228571,Gambir
11.9.20,0.1,13.9452,Komali
6.4.21,0.101,13.95940594,Komali
11.5.21,0.103,14.00446602,Komali
1.1.21,0.105,14.02361905,Komali
20.12.19,0.103,14.04194175,Jati
13.11.20,0.106,14.06056604,Gambir
21.7.20,0.101,14.19148515,Komali
7.9.21,0.101,14.24237624,Gambir
20.4.21,0.102,14.27078431,Gambir
21.8.20,0.101,14.35267327,Gambir
9.10.20,0.104,14.36538462,Komali
25.8.20,0.1,14.4282,Gambir
15.10.19,0.1,14.47,Jati
28.7.20,0.1,14.5644,Gambir
1.6.21,0.1,14.6352,Jati
28.8.20,0.1,14.6446,Komali
14.6.19,0.103,14.65145631,Gambir
7.6.19,0.102,14.69235294,Gambir
11.12.20,0.102,14.74313725,Gambir
30.6.20,0.101,14.82851485,Gambir
13.10.20,0.103,14.8961165,Komali
12.6.20,0.1,14.9076,Gambir
27.2.18,0.204,15.04019608,Komali
20.11.18,0.102,15.07980392,Gambir
8.9.20,0.1,15.1412,Komali
25.6.19,0.104,15.26,Jati
14.5.21,0.103,15.28737864,Komali
2.3.18,0.2,15.322,Komali
14.4.20,0.101,15.33,Jati
31.8.21,0.102,15.3445098,Gambir
16.1.18,0.201,15.35721393,Gambir
3.7.20,0.104,15.39692308,Komali
16.4.19,0.101,15.41,Jati
3.9.19,0.102,15.42431373,Gambir
3.9.21,0.105,15.56209524,Gambir
9.4.21,0.102,15.58058824,Komali
19.3.19,0.1,15.6764,Komali
11.12.18,0.105,15.69314286,Gambir
23.7.21,0.101,15.71267327,Komali
21.7.20,0.101,15.73108911,Gambir
21.8.20,0.1,15.8002,Komali
19.3.21,0.1,15.812,Komali
27.11.18,0.101,15.94613861,Gambir
25.9.20,0.103,15.98621359,Gambir
7.6.19,0.101,16.02059406,Komali
12.6.20,0.105,16.06761905,Komali
23.7.19,0.104,16.07,Jati
6.11.21,0.104,16.09557692,Komali
13.3.21,0.101,16.13544554,Komali
26.12.20,0.101,16.23267327,Komali
21.1.22,0.101,16.27584158,Komali
14.7.20,0.106,16.32509434,Komali
10.8.21,0.101,16.33168317,Gambir
1.9.20,0.1,16.3332,Komali
22.1.19,0.1,16.4628,Gambir
8.2.19,0.103,16.47,Jati
30.4.21,0.103,16.47242718,Jati
29.12.20,0.103,16.53203883,Jati
11.2.22,0.1,16.5886,Komali
31.1.20,0.104,16.60442308,Komali
24.3.20,0.105,16.6552381,Gambir
8.6.21,0.1,16.7284,Komali
4.10.19,0.103,16.74368932,Gambir
1.12.20,0.102,16.78392157,Gambir
28.12.21,0.104,16.81365385,Komali
1.1.21,0.1,16.8226,Jati
23.3.18,0.205,16.84585366,Komali
11.5.21,0.101,16.8809901,Jati
2.11.18,0.105,16.88609524,Gambir
4.6.19,0.102,16.96843137,Komali
19.3.21,0.105,16.97238095,Gambir
9.6.20,0.101,17.02574257,Komali
14.1.22,0.1,17.0434,Komali
30.7.19,0.104,17.06,Jati
2.8.19,0.103,17.16,Jati
20.8.21,0.101,17.18594059,Jati
21.4.20,0.105,17.19,Jati
10.7.20,0.1,17.196,Komali
2.4.21,0.102,17.19882353,Gambir
13.8.21,0.1,17.1996,Gambir
18.1.22,0.101,17.2560396,Komali
16.4.19,0.104,17.28980769,Komali
7.2.20,0.1,17.3106,Gambir
4.6.21,0.101,17.31188119,Komali
4.6.21,0.1,17.3896,Jati
8.12.20,0.1,17.4806,Jati
3.1.20,0.102,17.50941176,Jati
9.4.21,0.105,17.5247619,Gambir
27.11.18,0.103,17.59,Jati
1.6.21,0.102,17.61333333,Gambir
24.7.20,0.104,17.61442308,Gambir
14.4.20,0.101,17.63,Gambir
17.8.21,0.103,17.63048544,Komali
23.11.18,0.103,17.63572816,Gambir
26.1.21,0.1,17.6904,Komali
25.5.21,0.105,17.948,Komali
16.4.21,0.102,17.95509804,Gambir
14.1.20,0.1,17.9702,Gambir
6.11.18,0.102,18.07,Jati
27.3.20,0.103,18.08,Komali
15.2.22,0.102,18.09470588,Komali
20.8.21,0.1,18.1594,Gambir
26.11.19,0.1,18.1804,Gambir
14.1.20,0.105,18.18285714,Jati
17.7.20,0.104,18.19019231,Jati
26.3.21,0.106,18.19056604,Komali
5.2.21,0.104,18.20980769,Komali
1.1.19,0.1,18.2692,Gambir
29.12.20,0.1,18.4372,Gambir
2.4.19,0.103,18.47,Jati
19.2.19,0.1,18.49,Jati
20.3.18,0.2,18.543,Komali
8.6.21,0.103,18.58543689,Jati
6.12.19,0.105,18.61752381,Jati
24.12.19,0.101,18.72,Gambir
12.2.19,0.103,18.73,Jati
7.9.18,0.1,18.802,Gambir
21.5.21,0.1,18.9142,Komali
14.8.20,0.105,18.91866667,Jati
9.2.21,0.102,18.94215686,Jati
17.4.20,0.1,18.95,Gambir
24.12.19,0.103,18.97902913,Jati
18.12.18,0.101,18.98633663,Komali
27.8.21,0.103,19.07184466,Jati
16.2.21,0.104,19.20115385,Jati
16.4.19,0.101,19.2350495,Gambir
12.1.21,0.105,19.23619048,Komali
4.12.20,0.1,19.347,Jati
25.11.19,0.1,19.4394,Gambir
11.12.18,0.105,19.47,Jati
12.4.19,0.104,19.55961538,Gambir
12.2.21,0.101,19.57762376,Gambir
2.2.21,0.1,19.5788,Jati
2.4.21,0.103,19.59805825,Komali
20.11.18,0.102,19.62,Jati
19.12.17,0.206,19.67281553,Gambir
27.10.20,0.102,19.68431373,Gambir
15.1.21,0.103,19.69514563,Jati
20.11.18,0.103,19.69514563,Komali
24.4.20,0.101,19.76,Gambir
29.11.19,0.101,19.7829703,Gambir
13.12.19,0.101,19.7829703,Gambir
20.12.19,0.1,19.7992,Gambir
30.6.20,0.1,19.8646,Jati
2.2.21,0.1,19.9038,Gambir
26.12.17,0.205,19.94731707,Gambir
10.4.20,0.1,19.95,Gambir
23.4.21,0.103,19.95533981,Komali
7.7.20,0.101,20.07524752,Gambir
29.3.19,0.103,20.08,Jati
23.11.18,0.105,20.16,Jati
13.3.18,0.205,20.31707317,Komali
12.4.19,0.105,20.35047619,Komali
1.6.21,0.1,20.356,Komali
26.11.19,0.102,20.41960784,Jati
29.12.20,0.101,20.48118812,Komali
26.2.21,0.106,20.48679245,Gambir
4.12.20,0.1,20.518,Komali
5.10.21,0.101,20.56435644,Gambir
12.5.20,0.101,20.57029703,Komali
16.8.19,0.1,20.65,Jati
12.1.21,0.102,20.66666667,Jati
22.1.21,0.101,20.6950495,Gambir
26.12.20,0.104,20.725,Gambir
21.8.20,0.102,20.7254902,Jati
30.6.20,0.101,20.7980198,Komali
27.12.19,0.106,20.8,Gambir
5.2.21,0.1,20.832,Jati
26.12.20,0.105,20.83428571,Jati
16.4.21,0.104,20.85,Komali
8.1.21,0.105,20.91047619,Jati
17.6.20,0.105,20.94095238,Jati
22.3.19,0.1,20.956,Gambir
16.2.21,0.101,20.95841584,Komali
28.1.22,0.102,21.00392157,Komali
1.12.20,0.105,21.00952381,Komali
10.8.21,0.105,21.01333333,Komali
9.11.18,0.105,21.06,Jati
27.8.19,0.105,21.09,Jati
20.4.21,0.101,21.09306931,Komali
22.2.19,0.105,21.19,Jati
5.2.19,0.105,21.22,Jati
22.1.19,0.103,21.26407767,Komali
19.3.19,0.101,21.27326733,Gambir
21.1.20,0.106,21.34716981,Gambir
26.6.20,0.106,21.4754717,Gambir
12.3.19,0.101,21.48514851,Komali
3.12.21,0.101,21.56831683,Gambir
23.8.19,0.1,21.57,Jati
13.3.21,0.1,21.588,Gambir
9.3.21,0.1,21.642,Komali
12.11.19,0.103,21.65825243,Jati
27.3.21,0.103,21.70873786,Komali
29.3.19,0.1,21.716,Komali
26.6.20,0.1,21.756,Jati
6.4.21,0.101,21.84950495,Gambir
17.1.20,0.101,21.85346535,Komali
2.7.21,0.105,22,Gambir
17.7.20,0.105,22.00761905,Gambir
27.8.21,0.103,22.03106796,Gambir
28.1.20,0.103,22.05631068,Komali
20.4.21,0.101,22.13861386,Jati
23.3.21,0.1,22.164,Komali
16.10.18,0.104,22.20,Jati
9.6.20,0.1,22.302,Jati
9.2.21,0.103,22.30873786,Komali
24.8.21,0.101,22.37821782,Komali
4.5.21,0.102,22.4,Jati
13.3.21,0.103,22.46990291,Jati
25.6.19,0.104,22.49615385,Gambir
24.4.20,0.102,22.5,Jati
18.5.21,0.101,22.55247525,Komali
22.11.19,0.101,22.5980198,Jati
13.12.19,0.105,22.60952381,Jati
29.12.17,0.205,22.6204878,Gambir
4.2.20,0.104,22.70576923,Jati
3.8.21,0.105,22.74285714,Jati
14.7.21,0.103,22.76116505,Komali
18.12.18,0.1,22.78,Jati
5.5.20,0.105,22.82095238,Komali
29.11.19,0.104,22.82692308,Jati
19.3.19,0.102,22.85,Jati
13.8.19,0.105,22.87,Jati
12.6.20,0.103,22.89320388,Jati
19.8.20,0.103,22.89320388,Jati
10.12.19,0.1,22.93,Gambir
16.4.21,0.1,22.946,Jati
7.12.18,0.1,22.96,Jati
2.3.21,0.106,22.97735849,Gambir
5.6.20,0.105,23.00190476,Jati
7.2.20,0.104,23.06730769,Jati
9.4.19,0.101,23.10,Jati
12.2.21,0.1,23.12,Komali
6.4.18,0.202,23.17425743,Komali
10.12.21,0.105,23.20380952,Gambir
13.7.21,0.104,23.21538462,Gambir
11.9.20,0.1,23.256,Jati
28.4.20,0.101,23.27,Jati
28.5.21,0.104,23.275,Komali
20.3.20,0.103,23.35728155,Gambir
12.2.21,0.102,23.37647059,Jati
10.4.20,0.101,23.45,Jati
12.3.21,0.102,23.46862745,Gambir
5.1.18,0.205,23.47317073,Gambir
27.12.19,0.103,23.53592233,Jati
4.12.18,0.105,23.54095238,Komali
19.2.19,0.1,23.542,Gambir
19.2.21,0.103,23.65048544,Jati
20.11.20,0.102,23.67647059,Jati
9.7.21,0.1,23.706,Gambir
9.11.18,0.105,23.70857143,Gambir
28.8.18,0.106,23.71886792,Gambir
27.11.20,0.1,23.754,Komali
4.2.20,0.104,23.79615385,Gambir
19.7.19,0.1,23.91,Jati
2.10.18,0.101,23.94653465,Komali
12.4.19,0.102,23.96,Jati
26.5.20,0.105,23.9847619,Komali
23.7.19,0.1,24.08,Komali
2.6.20,0.102,24.08431373,Jati
15.1.21,0.103,24.08932039,Komali
20.11.20,0.104,24.14807692,Komali
29.9.18,0.104,24.15384615,Komali
15.12.17,0.202,24.15940594,Gambir
14.5.19,0.103,24.17087379,Gambir
18.6.21,0.1,24.206,Jati
20.8.19,0.102,24.21,Jati
11.12.18,0.103,24.24854369,Komali
7.8.20,0.1,24.316,Jati
26.2.21,0.104,24.35961538,Komali
3.12.19,0.104,24.42307692,Gambir
1.9.20,0.1,24.482,Jati
3.12.19,0.101,24.5029703,Komali
20.7.21,0.104,24.50769231,Komali
1.1.21,0.104,24.55576923,Gambir
19.6.20,0.103,24.58252427,Jati
16.7.21,0.105,24.71238095,Gambir
16.11.18,0.103,24.72,Jati
5.1.21,0.104,24.72884615,Jati
20.7.21,0.1,24.766,Jati
16.7.21,0.101,24.78811881,Jati
23.7.21,0.105,24.8,Jati
19.5.20,0.101,24.8039604,Gambir
14.6.19,0.101,24.84,Jati
14.7.21,0.102,24.9,Jati
5.10.18,0.102,24.96,Jati
19.1.18,0.202,24.97623762,Komali
21.5.19,0.102,24.99,Jati
26.11.21,0.1,25.006,Gambir
11.6.21,0.104,25.025,Jati
14.5.21,0.105,25.04380952,Jati
13.11.18,0.104,25.06923077,Gambir
4.9.20,0.104,25.16730769,Jati
31.12.19,0.103,25.17864078,Gambir
28.4.20,0.105,25.24190476,Komali
5.2.21,0.104,25.24807692,Gambir
19.2.19,0.103,25.26019417,Komali
31.12.21,0.104,25.31346154,Komali
13.12.19,0.102,25.32941176,Komali
6.7.21,0.102,25.34901961,Gambir
6.11.18,0.102,25.36666667,Gambir
7.8.20,0.105,25.40952381,Komali
28.4.20,0.103,25.41,Gambir
22.9.20,0.1,25.42,Jati
23.6.20,0.101,25.51287129,Gambir
13.10.20,0.102,25.52941176,Gambir
6.12.19,0.1,25.72,Gambir
2.4.21,0.101,25.76435644,Jati
11.1.22,0.105,25.76571429,Komali
29.3.19,0.1,25.776,Gambir
17.5.19,0.102,25.80,Jati
23.11.18,0.101,25.83366337,Komali
17.7.20,0.102,25.90980392,Komali
19.6.20,0.103,25.93009709,Gambir
27.8.19,0.106,25.98679245,Gambir
20.2.18,0.203,26.02955665,Komali
3.12.19,0.102,26.04117647,Jati
21.1.20,0.103,26.04466019,Jati
14.1.20,0.105,26.0552381,Komali
29.1.19,0.102,26.1372549,Gambir
17.1.20,0.102,26.17058824,Jati
13.3.18,0.204,26.20,Jati
19.11.19,0.104,26.225,Jati
15.3.19,0.102,26.27,Jati
22.9.20,0.104,26.32115385,Gambir
17.12.21,0.102,26.34509804,Jati
26.2.21,0.104,26.43269231,Jati
2.2.21,0.102,26.43529412,Komali
6.2.18,0.203,26.47487685,Komali
19.5.18,0.105,26.52380952,Gambir
9.1.18,0.202,26.67029703,Komali
26.7.19,0.104,26.68461538,Komali
29.1.19,0.103,26.71,Jati
15.5.20,0.103,26.76504854,Komali
26.3.19,0.105,26.83619048,Komali
24.12.19,0.103,26.85048544,Komali
30.3.18,0.2,26.94,Jati
13.8.21,0.1,26.95,Komali
23.4.19,0.106,27.02264151,Komali
12.1.18,0.204,27.05392157,Komali
15.1.19,0.103,27.10679612,Komali
23.7.21,0.103,27.11650485,Gambir
17.11.20,0.104,27.14230769,Jati
9.8.19,0.102,27.19,Jati
13.11.20,0.1,27.208,Jati
22.11.19,0.103,27.21359223,Komali
19.2.21,0.102,27.21960784,Komali
29.5.20,0.103,27.26407767,Komali
29.9.18,0.102,27.29215686,Gambir
15.11.19,0.104,27.32692308,Jati
25.2.19,0.103,27.33,Jati
10.1.20,0.1,27.358,Gambir
9.4.19,0.1,27.362,Komali
25.12.18,0.1,27.37,Gambir
30.4.21,0.1,27.374,Gambir
11.9.18,0.102,27.3745098,Gambir
23.7.19,0.103,27.4,Gambir
11.2.22,0.101,27.41980198,Jati
4.1.19,0.103,27.44,Jati
11.6.19,0.103,27.45,Jati
6.11.20,0.103,27.51650485,Jati
15.1.19,0.101,27.54,Jati
5.1.21,0.105,27.54095238,Gambir
1.6.18,0.201,27.57810945,Komali
19.4.19,0.1,27.614,Gambir
16.11.21,0.101,27.72871287,Gambir
2.11.18,0.104,27.75384615,Komali
7.5.21,0.104,27.77884615,Jati
25.1.19,0.105,27.78,Jati
17.3.20,0.101,27.79207921,Gambir
19.2.21,0.104,27.8,Gambir
11.8.20,0.103,28.00194175,Jati
13.11.18,0.104,28.27,Jati
9.10.18,0.105,28.33,Jati
25.1.22,0.101,28.35643564,Jati
11.5.18,0.206,28.37669903,Komali
23.4.21,0.101,28.37821782,Jati
10.9.21,0.104,28.38269231,Komali
16.2.21,0.1,28.384,Gambir
23.6.20,0.102,28.41960784,Komali
4.9.20,0.1,28.43,Gambir
3.8.21,0.101,28.52277228,Gambir
16.11.18,0.104,28.56923077,Gambir
20.10.20,0.1,28.572,Jati
17.11.20,0.1,28.572,Komali
16.7.19,0.102,28.58,Jati
10.9.19,0.105,28.6,Gambir
21.6.19,0.102,28.65,Jati
25.1.19,0.1,28.684,Gambir
12.2.19,0.105,28.68952381,Komali
12.10.20,0.103,28.75728155,Komali
12.2.19,0.1,28.864,Gambir
13.12.17,0.202,28.94257426,Gambir
19.1.21,0.101,28.95445545,Komali
9.7.19,0.101,28.96831683,Gambir
26.3.19,0.105,28.99,Jati
6.11.21,0.105,29.01904762,Gambir
2.3.18,0.104,29.12115385,Gambir
16.1.18,0.202,29.15148515,Komali
27.8.21,0.104,29.16346154,Komali
20.8.19,0.105,29.17142857,Gambir
16.7.19,0.1,29.276,Gambir
23.1.18,0.201,29.29651741,Komali
19.7.19,0.1,29.372,Komali
17.4.20,0.104,29.41,Jati
19.11.21,0.102,29.43333333,Komali
23.10.20,0.101,29.44158416,Jati
26.10.21,0.101,29.45148515,Gambir
4.2.22,0.105,29.50095238,Gambir
4.1.22,0.103,29.51262136,Komali
23.3.18,0.201,29.52,Jati
12.5.20,0.101,29.51881188,Gambir
21.12.21,0.102,29.55294118,Komali
7.5.19,0.102,29.55686275,Komali
29.12.17,0.201,29.63383085,Komali
30.11.21,0.105,29.71047619,Gambir
2.10.18,0.104,29.72,Jati
9.3.18,0.202,29.82475248,Komali
17.12.21,0.105,29.82857143,Gambir
12.10.21,0.106,29.94716981,Jati
30.9.18,0.1,30.03,Jati
18.6.19,0.104,30.05,Gambir
29.6.21,0.103,30.12427184,Gambir
5.10.21,0.103,30.12427184,Jati
23.2.18,0.204,30.19215686,Jati
30.11.18,0.104,30.33076923,Komali
13.3.18,0.2,30.362,Gambir
22.10.18,0.106,30.38,Jati
1.5.20,0.105,30.4,Komali
25.9.18,0.102,30.41176471,Gambir
31.8.18,0.104,30.43461538,Gambir
28.8.20,0.103,30.46990291,Jati
2.11.18,0.106,30.47,Jati
22.6.21,0.101,30.54257426,Jati
16.7.21,0.104,30.73846154,Komali
7.7.20,0.102,30.7627451,Komali
7.12.21,0.104,30.76346154,Komali
15.10.21,0.105,30.81142857,Jati
23.12.17,0.201,30.8159204,Jati
22.3.19,0.101,30.88,Jati
6.11.20,0.102,30.90980392,Komali
22.10.21,0.101,30.95643564,Gambir
3.1.20,0.106,30.96037736,Gambir
6.3.18,0.202,31.00,Jati
2.2.18,0.205,31.07317073,Komali
8.10.21,0.104,31.10769231,Komali
9.7.21,0.103,31.13203883,Jati
17.8.18,0.106,31.14,Jati
26.2.19,0.103,31.22135922,Gambir
19.12.17,0.206,31.22912621,Jati
2.2.18,0.205,31.24682927,Jati
21.9.21,0.1,31.266,Jati
7.8.18,0.1,31.30,Jati
26.10.21,0.101,31.31089109,Jati
21.12.18,0.1,31.34,Komali
26.3.19,0.104,31.34230769,Gambir
19.10.21,0.104,31.34230769,Jati
22.3.19,0.104,31.34230769,Komali
25.8.20,0.102,31.4372549,Jati
25.1.19,0.102,31.45882353,Komali
28.1.22,0.102,31.47254902,Gambir
1.1.19,0.101,31.51683168,Komali
16.10.18,0.102,31.63333333,Komali
11.1.22,0.106,31.67169811,Gambir
14.9.21,0.106,31.69245283,Komali
4.9.18,0.103,31.71456311,Gambir
10.4.20,0.106,31.71698113,Komali
25.12.18,0.101,31.73,Jati
30.3.18,0.201,31.79104478,Komali
9.6.20,0.103,31.86019417,Gambir
1.10.21,0.103,32.00776699,Jati
7.5.19,0.105,32.04,Jati
4.6.19,0.101,32.12673267,Gambir
10.12.21,0.105,32.20952381,Jati
31.12.19,0.106,32.21886792,Komali
9.3.18,0.204,32.23823529,Gambir
1.1.19,0.1,32.26,Jati
31.12.19,0.1,32.38,Jati
1.11.19,0.1,32.386,Komali
22.2.19,0.103,32.40776699,Gambir
21.12.21,0.102,32.40980392,Jati
21.9.21,0.104,32.42307692,Gambir
22.5.20,0.102,32.50784314,Jati
8.12.20,0.1,32.514,Gambir
4.5.21,0.101,32.66336634,Gambir
5.2.19,0.101,32.71683168,Gambir
6.12.19,0.103,32.7223301,Komali
13.11.20,0.101,32.92277228,Komali
29.11.19,0.104,32.98269231,Komali
26.7.19,0.101,32.98,Jati
23.1.18,0.2,32.986,Jati
10.11.20,0.101,33.04752475,Komali
28.12.21,0.101,33.13267327,Gambir
5.6.18,0.102,33.16666667,Komali
21.9.18,0.101,33.19,Jati
29.6.21,0.1,33.214,Komali
28.8.20,0.1,33.244,Gambir
26.7.19,0.102,33.28627451,Gambir
10.1.20,0.103,33.30291262,Jati
21.1.22,0.103,33.3223301,Jati
3.9.19,0.102,33.35,Jati
29.1.19,0.102,33.35686275,Komali
25.5.21,0.101,33.36237624,Jati
17.9.19,0.104,33.41153846,Gambir
28.12.21,0.103,33.46019417,Jati
15.2.22,0.101,33.51881188,Jati
10.11.20,0.104,33.55576923,Jati
12.10.18,0.102,33.61568627,Komali
18.9.18,0.105,33.68571429,Gambir
20.3.18,0.2,33.784,Gambir
20.4.18,0.201,33.79004975,Komali
29.10.21,0.102,33.80784314,Jati
6.4.21,0.103,33.83883495,Jati
6.7.21,0.101,33.83960396,Komali
1.2.22,0.1,33.892,Jati
6.9.19,0.105,33.91047619,Gambir
30.10.20,0.101,33.92079208,Jati
14.5.19,0.102,33.94705882,Komali
6.3.18,0.201,33.99402985,Komali
2.3.21,0.105,34.0647619,Komali
24.12.21,0.103,34.09320388,Jati
27.3.18,0.2,34.114,Gambir
29.12.17,0.205,34.25560976,Jati
18.1.19,0.102,34.35,Jati
6.2.18,0.204,34.38431373,Jati
9.2.21,0.103,34.4038835,Gambir
8.10.21,0.101,34.52673267,Jati
14.9.21,0.104,34.54230769,Jati
10.8.18,0.1,34.57,Jati
22.6.21,0.1,34.586,Komali
21.5.19,0.101,34.61188119,Komali
6.11.18,0.103,34.64271845,Komali
15.5.20,0.101,34.76039604,Gambir
1.2.19,0.105,34.77333333,Gambir
7.5.21,0.1,34.774,Gambir
18.5.21,0.1,34.896,Jati
27.10.20,0.104,34.92884615,Jati
10.1.20,0.101,35.00990099,Komali
25.5.19,0.103,35.03106796,Komali
30.3.18,0.2,35.062,Gambir
28.12.18,0.102,35.07647059,Komali
3.8.21,0.1,35.122,Komali
25.1.22,0.101,35.15445545,Komali
22.5.18,0.104,35.16153846,Gambir
10.5.19,0.104,35.16538462,Gambir
4.5.18,0.205,35.18536585,Komali
11.1.19,0.104,35.24230769,Komali
10.4.18,0.202,35.25445545,Komali
27.3.18,0.203,35.27,Jati
23.11.21,0.101,35.28910891,Jati
10.3.20,0.101,35.2970297,Jati
19.12.17,0.205,35.38146341,Komali
24.4.18,0.204,35.44411765,Komali
21.6.19,0.102,35.46862745,Gambir
19.10.21,0.1,35.526,Gambir
28.1.20,0.102,35.57254902,Gambir
22.10.18,0.103,35.58446602,Gambir
6.7.21,0.101,35.7009901,Jati
21.6.19,0.102,35.71568627,Komali
25.6.21,0.102,35.71960784,Komali
26.1.18,0.2,35.755,Komali
3.3.20,0.102,35.76862745,Jati
9.11.21,0.103,35.77087379,Gambir
7.1.22,0.103,35.7961165,Jati
9.3.18,0.202,35.97,Jati
11.2.20,0.1,35.974,Gambir
26.10.18,0.106,36.03396226,Gambir
5.5.20,0.105,36.05142857,Gambir
16.6.20,0.104,36.06153846,Gambir
3.8.18,0.105,36.25,Jati
15.5.18,0.104,36.26153846,Gambir
20.9.19,0.101,36.27,Jati
17.1.20,0.103,36.28737864,Gambir
11.5.21,0.106,36.47735849,Gambir
21.4.20,0.1,36.49,Gambir
9.8.19,0.104,36.55384615,Gambir
29.10.21,0.105,36.55619048,Gambir
14.5.19,0.104,36.60,Jati
8.9.20,0.102,36.60588235,Jati
28.1.20,0.101,36.6950495,Jati
23.8.19,0.102,36.69803922,Gambir
12.7.19,0.104,36.72307692,Gambir
18.1.22,0.105,36.76190476,Jati
26.11.19,0.1,36.782,Komali
8.10.21,0.102,36.81176471,Gambir
15.2.19,0.102,36.97,Jati
28.1.22,0.104,37.00384615,Jati
23.6.20,0.105,37.03047619,Jati
29.5.20,0.103,37.09514563,Gambir
30.10.20,0.104,37.24423077,Komali
12.12.17,0.202,37.27722772,Komali
8.2.19,0.102,37.3,Komali
17.5.19,0.102,37.41960784,Gambir
18.5.21,0.105,37.44761905,Gambir
1.2.19,0.1,37.48,Jati
15.11.19,0.1,37.594,Komali
31.12.21,0.102,37.59607843,Jati
20.3.18,0.2,37.61,Jati
11.2.22,0.104,37.66153846,Gambir
27.7.18,0.16,37.69875,Komali
12.10.18,0.104,37.78076923,Gambir
11.9.18,0.105,37.78,Jati
17.8.21,0.103,37.82135922,Gambir
20.9.19,0.101,37.84158416,Gambir
28.9.21,0.104,37.86346154,Jati
1.10.21,0.106,37.96792453,Komali
20.7.21,0.102,37.98627451,Gambir
25.5.21,0.1,38.02,Gambir
26.12.17,0.203,38.16157635,Jati
14.6.19,0.101,38.17029703,Komali
18.1.22,0.102,38.19019608,Gambir
12.3.21,0.1,38.266,Jati
29.5.20,0.103,38.29708738,Jati
15.12.21,0.1,38.316,Gambir
1.2.22,0.11,38.50363636,Gambir
30.8.19,0.1,38.54,Jati
15.12.17,0.205,38.56585366,Jati
14.1.22,0.105,38.57904762,Jati
3.12.21,0.101,38.65940594,Jati
26.5.20,0.102,38.67254902,Jati
9.10.18,0.106,38.68301887,Komali
24.9.19,0.103,38.69514563,Gambir
9.7.19,0.1,38.794,Komali
12.7.19,0.1,38.794,Komali
7.12.21,0.103,38.86796117,Jati
23.2.18,0.202,38.88118812,Komali
21.9.21,0.105,38.89142857,Komali
27.9.19,0.104,38.94,Jati
5.3.21,0.103,38.94563107,Gambir
8.1.19,0.105,39.09904762,Komali
14.9.18,0.102,39.20196078,Gambir
13.11.18,0.104,39.22307692,Komali
16.2.18,0.1,39.28,Jati
14.2.20,0.105,39.29142857,Komali
3.4.18,0.201,39.32636816,Gambir
12.12.17,0.203,39.34187192,Jati
24.5.19,0.1,39.36,Gambir
6.3.18,0.201,39.4039801,Gambir
4.1.19,0.103,39.42135922,Gambir
9.1.18,0.201,39.43283582,Jati
11.1.19,0.101,39.55,Jati
9.7.19,0.101,39.63,Jati
15.3.19,0.103,39.7184466,Gambir
28.5.21,0.101,39.71881188,Jati
8.1.19,0.101,39.73,Jati
8.2.19,0.103,39.79805825,Gambir
23.12.17,0.203,39.80492611,Gambir
23.10.18,0.103,39.80970874,Komali
25.12.18,0.103,39.84271845,Komali
5.10.18,0.105,40.03619048,Komali
29.10.21,0.102,40.14901961,Komali
4.1.22,0.103,40.15728155,Jati
24.12.21,0.103,40.17864078,Komali
15.5.20,0.103,40.19805825,Jati
23.3.18,0.203,40.21871921,Gambir
16.8.19,0.103,40.33980583,Gambir
2.7.21,0.103,40.34951456,Komali
18.6.19,0.102,40.35098039,Komali
21.9.18,0.1,40.352,Gambir
19.11.19,0.102,40.42745098,Komali
7.9.21,0.101,40.42772277,Komali
16.1.18,0.202,40.67326733,Jati
10.5.19,0.105,40.76,Jati
17.9.21,0.1,40.984,Komali
1.5.18,0.206,41.06116505,Komali
24.5.19,0.103,41.22,Jati
7.5.19,0.103,41.26019417,Gambir
2.11.21,0.102,41.35882353,Gambir
6.8.21,0.104,41.39615385,Komali
19.5.20,0.1,41.404,Jati
29.5.18,0.102,41.44901961,Komali
14.9.18,0.102,41.46,Jati
19.1.18,0.204,41.49215686,Jati
19.11.21,0.102,41.5254902,Gambir
3.4.18,0.202,41.69,Jati
15.3.19,0.1,41.752,Komali
28.9.21,0.105,41.79809524,Gambir
2.8.19,0.101,41.81386139,Komali
30.1.18,0.2,41.84,Jati
15.6.21,0.1,41.93,Komali
26.12.17,0.201,41.93233831,Komali
17.4.18,0.204,42.00098039,Komali
21.2.20,0.105,42.01714286,Jati
15.12.17,0.202,42.13861386,Komali
15.2.19,0.104,42.22692308,Gambir
7.1.22,0.1,42.244,Komali
9.3.21,0.101,42.30891089,Jati
18.1.19,0.103,42.50485437,Gambir
9.2.18,0.2,42.525,Komali
26.4.19,0.1,42.644,Gambir
26.5.20,0.103,42.64854369,Gambir
4.12.18,0.104,42.68461538,Gambir
21.4.20,0.104,42.72692308,Komali
23.11.21,0.104,42.75192308,Gambir
9.4.19,0.105,42.78857143,Gambir
23.3.21,0.105,42.94666667,Gambir
26.11.21,0.104,43.04615385,Jati
30.4.21,0.102,43.19411765,Komali
5.3.21,0.1,43.198,Komali
12.10.21,0.104,43.27115385,Gambir
14.7.20,0.101,43.36237624,Gambir
12.5.20,0.101,43.48514851,Jati
28.2.19,0.1,43.51,Gambir
2.11.21,0.101,43.56831683,Jati
23.4.19,0.1,43.60,Jati
21.12.21,0.102,43.64901961,Gambir
9.11.21,0.1,43.942,Komali
17.12.21,0.102,44.22156863,Komali
16.11.18,0.104,44.525,Komali
5.1.18,0.203,44.7320197,Komali
24.8.18,0.104,44.80,Jati
27.11.18,0.104,44.87307692,Komali
4.1.22,0.1,44.912,Gambir
5.10.18,0.103,45.0368932,Gambir
7.6.19,0.101,45.09,Jati
2.7.19,0.103,45.11650485,Gambir
2.1.18,0.206,45.1368932,Gambir
14.1.22,0.105,45.18666667,Gambir
5.1.18,0.203,45.2137931,Jati
27.4.21,0.106,45.24150943,Gambir
23.4.19,0.1,45.276,Gambir
28.2.19,0.1,45.35,Jati
2.4.19,0.101,45.78217822,Gambir
20.8.19,0.105,45.90857143,Komali
18.9.20,0.1,45.986,Gambir
11.6.21,0.1,46.028,Komali
15.10.21,0.102,46.04901961,Gambir
27.8.19,0.102,46.08823529,Komali
15.6.18,0.104,46.10384615,Komali
6.4.18,0.204,46.16960784,Gambir
19.7.19,0.101,46.1980198,Gambir
29.6.18,0.103,46.28349515,Komali
5.7.19,0.104,46.31538462,Gambir
12.3.21,0.104,46.35769231,Komali
18.2.20,0.102,46.76862745,Komali
12.1.18,0.2,46.846,Jati
25.6.19,0.103,47.04466019,Komali
2.10.18,0.101,47.04950495,Gambir
18.9.20,0.102,47.27058824,Komali
23.12.17,0.203,47.27881773,Komali
20.8.21,0.1,47.374,Komali
28.9.21,0.105,47.51047619,Komali
22.6.21,0.103,47.70485437,Gambir
13.11.21,0.102,47.79411765,Komali
6.4.18,0.2,47.80,Jati
1.10.21,0.1,47.81,Gambir
10.7.18,0.1,47.864,Gambir
30.11.18,0.103,47.86796117,Gambir
28.2.19,0.101,47.93861386,Komali
11.5.18,0.104,47.97,Jati
22.5.18,0.101,48.02376238,Komali
7.12.21,0.1,48.076,Gambir
25.5.18,0.1,48.086,Komali
8.5.18,0.202,48.08712871,Komali
21.1.22,0.1,48.13,Gambir
24.12.21,0.102,48.1372549,Gambir
2.3.21,0.106,48.36603774,Jati
12.11.21,0.103,48.42330097,Gambir
16.2.18,0.204,48.54411765,Komali
30.8.19,0.1,48.598,Komali
22.9.20,0.103,48.71650485,Komali
25.9.18,0.103,48.88,Jati
19.11.19,0.102,49.04313725,Gambir
15.2.19,0.102,49.1254902,Komali
13.2.18,0.202,49.17227723,Jati
2.7.19,0.103,49.18252427,Komali
28.5.21,0.106,49.23584906,Gambir
17.7.18,0.106,49.33773585,Komali
5.11.19,0.1,49.532,Komali
3.12.21,0.103,49.53786408,Komali
2.7.19,0.101,49.57,Jati
18.5.18,0.1,49.632,Komali
18.6.19,0.104,49.69,Jati
23.5.20,0.104,49.87115385,Gambir
18.5.18,0.101,50.04,Jati
6.4.18,0.101,50.13,Jati
26.11.21,0.104,50.18653846,Komali
9.11.21,0.103,50.21747573,Jati
14.7.20,0.102,50.33333333,Jati
4.6.19,0.103,50.48,Jati
11.10.19,0.102,50.60,Jati
8.11.19,0.103,50.6038835,Gambir
5.2.19,0.103,50.6038835,Komali
28.7.20,0.103,50.65631068,Jati
11.6.19,0.1,50.666,Gambir
16.11.21,0.101,50.70693069,Jati
1.2.19,0.104,50.71346154,Komali
13.4.18,0.205,50.77268293,Komali
7.1.22,0.102,50.79215686,Gambir
8.6.18,0.101,50.85742574,Komali
6.11.21,0.104,50.89038462,Jati
14.12.21,0.103,50.90097087,Komali
13.4.18,0.204,50.92,Jati
26.4.19,0.105,50.92952381,Komali
14.12.21,0.1,51.046,Jati
29.7.18,0.101,51.08712871,Gambir
31.12.21,0.106,51.11132075,Gambir
22.5.18,0.105,51.20,Jati
16.6.20,0.104,51.39423077,Jati
3.9.19,0.101,51.47920792,Komali
27.4.18,0.101,51.58613861,Komali
25.10.19,0.102,51.61,Jati
1.11.19,0.104,51.62,Jati
16.3.21,0.105,51.77333333,Jati
16.8.19,0.102,51.99215686,Komali
5.5.20,0.105,52.00190476,Jati
11.2.20,0.104,52.12307692,Komali
13.8.19,0.105,52.27238095,Komali
11.5.18,0.106,52.30566038,Gambir
3.9.21,0.104,52.35576923,Komali
18.2.20,0.105,52.38857143,Jati
22.10.21,0.1,52.49,Komali
10.9.19,0.104,52.52,Jati
20.4.18,0.105,52.59809524,Gambir
27.4.18,0.103,52.67572816,Gambir
31.8.21,0.101,52.70891089,Komali
19.4.19,0.1,52.712,Komali
18.6.21,0.103,53.01165049,Komali
27.9.19,0.102,53.01372549,Gambir
25.6.21,0.104,53.03653846,Jati
23.3.21,0.1,53.088,Jati
5.10.21,0.105,53.16952381,Komali
12.6.18,0.101,53.21188119,Gambir
27.3.18,0.202,53.23861386,Komali
17.7.18,0.105,53.31,Jati
13.2.18,0.202,53.35643564,Komali
3.11.20,0.103,53.50679612,Komali
28.8.18,0.1,53.53,Jati
21.2.20,0.103,53.53592233,Komali
3.4.18,0.1,53.57,Jati
18.5.18,0.102,53.73529412,Gambir
7.8.18,0.1,53.88,Gambir
7.9.18,0.102,54.24,Jati
24.7.18,0.102,54.30980392,Komali
25.10.19,0.103,54.47378641,Gambir
5.6.20,0.105,54.84761905,Komali
22.10.19,0.101,54.88,Jati
5.3.21,0.1,54.914,Jati
12.10.18,0.104,55.11,Jati
24.7.18,0.102,55.13333333,Gambir
6.7.18,0.102,55.1627451,Komali
7.2.20,0.101,55.26534653,Komali
15.6.18,0.101,55.4,Gambir
3.4.18,0.203,55.4591133,Komali
24.8.18,0.103,55.48932039,Gambir
10.7.20,0.1,55.526,Gambir
1.5.18,0.105,55.72761905,Gambir
26.3.21,0.105,55.72952381,Jati
30.3.18,0.102,55.81,Jati
15.6.18,0.1,56.09,Jati
9.8.19,0.1,56.192,Komali
26.6.20,0.104,56.28846154,Komali
10.4.18,0.201,56.74029851,Gambir
11.6.21,0.106,56.7754717,Gambir
19.6.18,0.104,56.85576923,Komali
8.11.19,0.1,56.932,Komali
31.8.18,0.104,57.06,Jati
19.4.19,0.101,57.12,Jati
22.6.18,0.106,57.14716981,Gambir
15.2.22,0.105,57.28571429,Gambir
15.5.18,0.1,57.29,Jati
19.3.21,0.101,57.36237624,Jati
30.1.18,0.205,57.38634146,Komali
21.12.18,0.103,57.47,Jati
20.4.18,0.104,57.49,Jati
23.8.19,0.1,57.516,Komali
1.11.19,0.1,57.628,Gambir
22.2.19,0.1,57.682,Komali
16.7.19,0.1,57.922,Komali
10.4.18,0.204,57.94,Jati
1.6.18,0.101,57.94059406,Gambir
21.5.21,0.101,58.04752475,Gambir
16.3.21,0.103,58.14368932,Gambir
17.9.19,0.101,58.46,Jati
23.11.21,0.105,58.47428571,Komali
12.11.21,0.105,58.63428571,Jati
10.3.20,0.103,58.64854369,Gambir
25.1.22,0.103,58.7184466,Gambir
11.10.19,0.102,58.82352941,Komali
9.7.21,0.102,59.03529412,Komali
13.8.19,0.105,59.09714286,Gambir
10.4.18,0.102,59.10784314,Gambir
26.4.19,0.102,59.42,Jati
15.5.18,0.1,59.622,Komali
16.11.21,0.101,59.78415842,Komali
24.8.18,0.104,59.80192308,Komali
14.2.20,0.101,59.80990099,Jati
12.6.18,0.102,59.83,Jati
7.9.18,0.105,59.83809524,Komali
2.1.18,0.201,59.89850746,Jati
29.5.18,0.1,60.13,Jati
27.4.18,0.103,60.27,Jati
26.10.18,0.104,60.39,Jati
6.3.20,0.1,60.408,Jati
22.11.19,0.101,60.46138614,Gambir
24.9.19,0.1,60.48,Jati
9.4.21,0.101,61.02376238,Jati
28.8.18,0.105,61.57904762,Komali
27.7.18,0.1,61.776,Gambir
17.4.18,0.102,61.79411765,Gambir
4.2.20,0.101,61.81584158,Komali
2.11.21,0.104,61.88269231,Komali
15.10.21,0.102,61.88627451,Komali
4.9.18,0.104,61.89,Jati
28.6.19,0.105,61.92571429,Komali
2.4.19,0.1,61.958,Komali
14.8.18,0.1,61.97,Jati
8.5.18,0.106,61.99,Jati
6.7.18,0.104,62.05769231,Gambir
18.10.19,0.103,62.19,Jati
25.9.18,0.106,62.19433962,Komali
8.6.21,0.102,62.3254902,Gambir
16.10.18,0.102,62.32745098,Gambir
4.10.19,0.102,62.35294118,Komali
19.10.21,0.1,62.428,Komali
5.6.18,0.105,62.51619048,Gambir
3.3.20,0.1,63.316,Gambir
24.9.19,0.104,63.50961538,Komali
11.1.22,0.101,63.55643564,Jati
20.9.19,0.102,63.85490196,Komali
26.1.18,0.2,63.968,Jati
25.5.18,0.103,64.66,Jati
28.6.19,0.104,64.77,Jati
3.8.18,0.102,64.82156863,Gambir
9.3.21,0.105,65.39619048,Gambir
14.9.18,0.103,65.44466019,Komali
18.2.20,0.101,65.81584158,Gambir
11.6.19,0.104,65.99038462,Komali
1.5.18,0.102,66.20,Jati
28.12.18,0.102,66.31,Jati
2.6.20,0.102,66.67058824,Komali
6.9.19,0.101,66.82,Jati
20.12.19,0.101,67.35049505,Komali
17.4.18,0.101,67.51,Jati
31.7.18,0.102,67.63,Jati
9.1.18,0.201,67.68258706,Gambir
13.9.19,0.104,67.89615385,Komali
11.9.18,0.106,68.04150943,Komali
14.2.20,0.1,68.172,Gambir
1.5.20,0.103,68.30679612,Jati
17.9.21,0.105,68.32190476,Jati
1.10.19,0.101,68.42,Jati
3.8.18,0.103,68.49320388,Komali
1.5.20,0.105,68.75809524,Gambir
13.7.18,0.103,68.76893204,Komali
22.6.18,0.1,68.87,Jati
14.5.21,0.103,69.02135922,Gambir
10.7.18,0.104,69.03,Jati
21.2.20,0.104,69.22115385,Gambir
9.11.18,0.105,69.46666667,Komali
8.6.18,0.101,69.50,Jati
25.5.18,0.1,69.862,Gambir
4.5.18,0.101,69.87,Jati
5.7.19,0.104,70.28846154,Komali
17.8.18,0.102,70.30588235,Gambir
13.10.21,0.103,70.34174757,Komali
13.7.18,0.102,70.47254902,Gambir
24.7.18,0.1,70.72,Jati
24.3.20,0.103,71.00776699,Komali
19.6.18,0.101,71.17,Jati
10.9.19,0.101,71.2019802,Komali
12.11.19,0.101,71.37227723,Komali
3.2.20,0.1,71.504,Komali
31.7.18,0.103,71.81165049,Komali
10.8.18,0.101,72.52871287,Gambir
1.10.19,0.105,72.6,Gambir
26.6.18,0.105,72.78285714,Gambir
24.4.18,0.105,72.83619048,Gambir
9.10.18,0.105,72.9847619,Gambir
3.7.18,0.105,73.46666667,Gambir
30.11.21,0.106,73.65849057,Jati
31.7.18,0.101,73.73465347,Gambir
18.10.19,0.1,73.958,Komali
31.3.20,0.105,74.52190476,Komali
28.2.20,0.105,74.79619048,Komali
26.10.21,0.104,75.02307692,Komali
2.8.19,0.1,75.122,Gambir
20.7.18,0.103,75.26796117,Komali
31.8.18,0.101,76.0039604,Komali
22.10.19,0.102,76.31176471,Gambir
31.3.20,0.104,76.62307692,Gambir
7.4.20,0.101,78.13663366,Jati
1.6.18,0.103,78.47,Jati
27.3.20,0.103,78.87572816,Gambir
10.8.18,0.1,78.876,Komali
17.3.20,0.1,78.918,Jati
30.8.19,0.103,78.96116505,Gambir
20.3.20,0.104,79.63653846,Komali
6.7.18,0.1,79.85,Jati
3.11.20,0.105,80.07047619,Jati
14.8.18,0.102,80.23529412,Komali
12.11.19,0.105,80.36190476,Gambir
31.3.20,0.104,80.59615385,Jati
6.3.20,0.1,80.646,Komali
21.9.18,0.102,81.22352941,Komali
24.3.20,0.104,82.14807692,Jati
5.6.18,0.102,83.18,Jati
10.5.19,0.101,83.35049505,Komali
27.9.19,0.102,83.87058824,Komali
4.9.18,0.102,83.94313725,Komali
30.3.21,0.102,83.99411765,Jati
8.5.18,0.105,84.1047619,Gambir
13.9.19,0.104,84.16346154,Gambir
18.9.20,0.1,84.696,Jati
2.1.18,0.204,84.99607843,Komali
27.7.18,0.101,85.10,Jati
24.4.18,0.101,86.40,Jati
15.11.19,0.102,87.19607843,Gambir
27.3.20,0.105,88.16190476,Jati
26.3.21,0.101,88.32871287,Gambir
1.10.19,0.101,89.88514851,Komali
25.2.20,0.102,89.90980392,Gambir
11.2.20,0.105,90.36190476,Jati
10.12.21,0.103,90.7961165,Komali
20.3.20,0.1,90.852,Jati
3.3.20,0.1,91.278,Komali
17.9.21,0.106,91.35849057,Gambir
6.3.20,0.101,91.55643564,Gambir
8.6.18,0.101,91.66336634,Gambir
7.8.18,0.102,91.75490196,Komali
10.7.18,0.104,91.975,Komali
12.6.18,0.1,92.124,Komali
29.6.18,0.104,93.10,Jati
6.9.19,0.101,93.18415842,Komali
25.2.20,0.103,93.70485437,Jati
26.5.18,0.101,94.42178218,Gambir
30.7.19,0.102,95.71372549,Komali
27.12.19,0.103,95.81165049,Komali
30.7.19,0.104,96.675,Gambir
4.5.18,0.102,99.0745098,Gambir
22.10.21,0.103,99.83300971,Jati
28.9.20,0.106,101.3245283,Gambir
18.9.18,0.1,101.56,Komali
4.1.19,0.103,101.576699,Komali
3.7.18,0.102,104.3039216,Komali
13.9.19,0.105,105.97,Jati
3.7.18,0.101,107.91,Jati
10.3.20,0.106,111.2528302,Komali
26.6.18,0.1,111.99,Jati
17.3.20,0.106,112.5037736,Komali
22.6.18,0.104,113.0711538,Komali
15.10.19,0.103,113.2776699,Komali
20.7.18,0.103,116.0621359,Gambir
13.4.18,0.105,117.2438095,Gambir
21.5.21,0.101,117.7108911,Jati
14.8.18,0.101,121.0514851,Gambir
9.2.18,0.205,121.4536585,Jati
30.11.21,0.101,123.3564356,Komali
18.1.19,0.103,123.5902913,Komali
20.10.20,0.102,126.1215686,Komali
17.9.19,0.102,139.8745098,Komali
13.7.18,0.104,141.31,Jati
7.4.20,0.101,150.4415842,Gambir
25.2.20,0.101,161.9762376,Komali
18.9.18,0.101,165.86,Jati
17.7.18,0.104,166.4673077,Gambir
28.2.20,0.1,170.838,Gambir
28.6.19,0.102,178.0039216,Gambir
17.8.18,0.106,190.6792453,Komali
26.6.18,0.1,276.24,Komali
